_id_buffer_0,_id_buffer_1,_id_buffer_2,_id_buffer_3,_id_buffer_4,_id_buffer_5,_id_buffer_6,_id_buffer_7,_id_buffer_8,_id_buffer_9,_id_buffer_10,_id_buffer_11,personId,personName,personType,prisonerId,inmateName,visitDate,timeIn,timeOut,visitDuration,status,isTimerActive,timerStart,timerEnd,createdAt,updatedAt,__v
104,251,113,24,172,191,0,78,20,1,201,8,VIS003,"Uy, Cheyene Marie Gilbuena",visitor,INM005,"Uy, Cheyene Marie Gilbuena",2025-10-24T12:29:12.155Z,08:29 PM,09:30 PM,1h 1m,completed,false,2025-10-24T12:29:12.155Z,2025-10-24T15:29:12.155Z,2025-10-24T12:29:12.158Z,2025-10-24T13:30:10.029Z,0
104,251,156,39,239,236,38,11,157,127,255,216,VIS006,"dwdaw, dwad adwad",visitor,INM006,"sampler, sample sample",2025-10-24T15:32:55.177Z,11:32 PM,11:33 PM,0h 1m,completed,false,2025-10-24T15:32:55.177Z,2025-10-24T18:32:55.177Z,2025-10-24T15:32:55.182Z,2025-10-24T15:33:21.059Z,0
104,251,158,114,239,236,38,11,157,128,1,170,VIS007,"hehe, dwadwa dwadwa",visitor,INM006,"sampler, sample sample",2025-10-24T15:42:42.747Z,11:42 PM,11:43 PM,0h 1m,completed,false,2025-10-24T15:42:42.748Z,2025-10-24T18:42:42.748Z,2025-10-24T15:42:42.751Z,2025-10-24T15:43:12.100Z,0
104,251,183,76,190,26,198,206,240,190,131,67,VIS009,"SQSQ, Cheyene Marie sqSQ",visitor,INM006,"sampler, sample sample",2025-10-24T17:28:44.658Z,01:28 AM,01:29 AM,0h 1m,completed,false,2025-10-24T17:28:44.658Z,2025-10-24T20:28:44.658Z,2025-10-24T17:28:44.660Z,2025-10-24T17:29:17.328Z,0
104,251,207,126,155,78,31,66,76,102,249,11,GST002,"Santos, Juannn Luna",guest,,,2025-10-24T19:11:58.873Z,03:11 AM,03:16 AM,,completed,false,,,2025-10-24T19:11:58.980Z,2025-10-24T19:16:04.894Z,0
104,251,208,16,155,78,31,66,76,102,249,81,GST004,"sampler, sample sample",guest,,,2025-10-24T19:14:24.987Z,03:14 AM,03:15 AM,,completed,false,,,2025-10-24T19:14:24.993Z,2025-10-24T19:15:32.093Z,0
104,251,208,164,202,81,139,236,32,48,47,39,VIS004,"Cruz, Jean Oliverrr Adelino",visitor,INM005,"Uy, Cheyene Marie Gilbuena",2025-10-24T19:16:52.289Z,03:16 AM,,,in-progress,true,2025-10-24T19:16:52.290Z,2025-10-24T22:16:52.290Z,2025-10-24T19:16:52.313Z,2025-10-24T19:16:52.313Z,0
104,251,209,65,202,81,139,236,32,48,47,176,VIS010,"neww, dwadwa dawdwa",visitor,INM005,"Uy, Cheyene Marie Gilbuena",2025-10-24T19:19:29.489Z,03:19 AM,03:19 AM,,completed,false,2025-10-24T19:19:29.489Z,2025-10-24T22:19:29.489Z,2025-10-24T19:19:29.495Z,2025-10-24T19:19:45.157Z,0
104,251,209,204,202,81,139,236,32,48,48,22,GST005,"dwadwa, dwadwa wadwa",guest,,,2025-10-24T19:21:48.707Z,03:21 AM,03:22 AM,,completed,false,,,2025-10-24T19:21:48.710Z,2025-10-24T19:22:24.029Z,0
104,251,210,82,202,81,139,236,32,48,49,176,VIS011,"waddwa, dadwa dawdwa",visitor,INM005,"Uy, Cheyene Marie Gilbuena",2025-10-24T19:24:02.936Z,03:24 AM,03:24 AM,,completed,false,2025-10-24T19:24:02.936Z,2025-10-24T22:24:02.936Z,2025-10-24T19:24:02.942Z,2025-10-24T19:24:50.130Z,0
104,251,210,223,202,81,139,236,32,48,50,166,GST006,"dawdwa, dwadwa awdwa",guest,,,2025-10-24T19:26:23.277Z,03:26 AM,03:27 AM,,completed,false,,,2025-10-24T19:26:23.280Z,2025-10-24T19:27:06.803Z,0