"_id","personId","personName","personType","prisonerId","inmateName","visitDate","timeIn","timeOut","visitDuration","status","isTimerActive","timerStart","timerEnd","createdAt","updatedAt","__v"
"68fb7118acbf004e1401c908","VIS003","Uy, Cheyene Marie Gilbuena","visitor","INM005","Uy, Cheyene Marie Gilbuena","2025-10-24T12:29:12.155Z","08:29 PM","09:30 PM","1h 1m","completed","false","2025-10-24T12:29:12.155Z","2025-10-24T15:29:12.155Z","2025-10-24T12:29:12.158Z","2025-10-24T13:30:10.029Z","0"
"68fb9c27efec260b9d7fffd8","VIS006","dwdaw, dwad adwad","visitor","INM006","sampler, sample sample","2025-10-24T15:32:55.177Z","11:32 PM","11:33 PM","0h 1m","completed","false","2025-10-24T15:32:55.177Z","2025-10-24T18:32:55.177Z","2025-10-24T15:32:55.182Z","2025-10-24T15:33:21.059Z","0"
"68fb9e72efec260b9d8001aa","VIS007","hehe, dwadwa dwadwa","visitor","INM006","sampler, sample sample","2025-10-24T15:42:42.747Z","11:42 PM","11:43 PM","0h 1m","completed","false","2025-10-24T15:42:42.748Z","2025-10-24T18:42:42.748Z","2025-10-24T15:42:42.751Z","2025-10-24T15:43:12.100Z","0"
"68fbb74cbe1ac6cef0be8343","VIS009","SQSQ, Cheyene Marie sqSQ","visitor","INM006","sampler, sample sample","2025-10-24T17:28:44.658Z","01:28 AM","01:29 AM","0h 1m","completed","false","2025-10-24T17:28:44.658Z","2025-10-24T20:28:44.658Z","2025-10-24T17:28:44.660Z","2025-10-24T17:29:17.328Z","0"
"68fbcf7e9b4e1f424c66f90b","GST002","Santos, Juannn Luna","guest","","","2025-10-24T19:11:58.873Z","03:11 AM","03:16 AM","","completed","false","","","2025-10-24T19:11:58.980Z","2025-10-24T19:16:04.894Z","0"
"68fbd0109b4e1f424c66f951","GST004","sampler, sample sample","guest","","","2025-10-24T19:14:24.987Z","03:14 AM","03:15 AM","","completed","false","","","2025-10-24T19:14:24.993Z","2025-10-24T19:15:32.093Z","0"
"68fbd0a4ca518bec20302f27","VIS004","Cruz, Jean Oliverrr Adelino","visitor","INM005","Uy, Cheyene Marie Gilbuena","2025-10-24T19:16:52.289Z","03:16 AM","","","in-progress","true","2025-10-24T19:16:52.290Z","2025-10-24T22:16:52.290Z","2025-10-24T19:16:52.313Z","2025-10-24T19:16:52.313Z","0"
"68fbd141ca518bec20302fb0","VIS010","neww, dwadwa dawdwa","visitor","INM005","Uy, Cheyene Marie Gilbuena","2025-10-24T19:19:29.489Z","03:19 AM","03:19 AM","","completed","false","2025-10-24T19:19:29.489Z","2025-10-24T22:19:29.489Z","2025-10-24T19:19:29.495Z","2025-10-24T19:19:45.157Z","0"
"68fbd1ccca518bec20303016","GST005","dwadwa, dwadwa wadwa","guest","","","2025-10-24T19:21:48.707Z","03:21 AM","03:22 AM","","completed","false","","","2025-10-24T19:21:48.710Z","2025-10-24T19:22:24.029Z","0"
"68fbd252ca518bec203031b0","VIS011","waddwa, dadwa dawdwa","visitor","INM005","Uy, Cheyene Marie Gilbuena","2025-10-24T19:24:02.936Z","03:24 AM","03:24 AM","","completed","false","2025-10-24T19:24:02.936Z","2025-10-24T22:24:02.936Z","2025-10-24T19:24:02.942Z","2025-10-24T19:24:50.130Z","0"
"68fbd2dfca518bec203032a6","GST006","dawdwa, dwadwa awdwa","guest","","","2025-10-24T19:26:23.277Z","03:26 AM","03:27 AM","","completed","false","","","2025-10-24T19:26:23.280Z","2025-10-24T19:27:06.803Z","0"
"68fbd7e2379dfd31a6cac413","VIS012","dwadwa, dwadwa dawda","visitor","INM006","sampler, sample sample","2025-10-24T19:47:46.337Z","03:47 AM","03:48 AM","","completed","false","2025-10-24T19:47:46.398Z","2025-10-24T22:47:46.398Z","2025-10-24T19:47:46.404Z","2025-10-24T19:48:08.891Z","0"